rec_type, var_name, model, serial_number, time_deployment, time_recovery, variable_name, variable_dims, variable_shape, variable_type, variable_value, attribute_name, attribute_type, attribute_value
GLOBAL,*,,,,,,,,,,abstract,str,"Southern Ocean Site at 46 South, with Pulse, SAZ, and SOFS moorings",,,
GLOBAL,*,,,,,,,,,,acknowledgement,str,Any users of IMOS data are required to clearly acknowledge the source of the material derived from IMOS in the format: Data was sourced from the Integrated Marine Observing System (IMOS) - IMOS is a national collaborative research infrastructure," supported by the Australian Government."" If relevant"," also credit other organisations involved in collection of this particular datastream (as listed in 'credit' in the metadata record).""",
GLOBAL,*,,,,,,,,,,author,str,"Jansen, Peter",,,
GLOBAL,*,,,,,,,,,,author_email,str,peter.jansen@csiro.au,,,
GLOBAL,*,,,,,,,,,,citation,str,The citation in a list of references is: IMOS [year-of-data-download], [Title], [data-access-URL]," accessed [date-of-access].""."""
GLOBAL,*,,,,,,,,,,comment,str,Geospatial vertical min/max information has been filled using the NOMINAL_DEPTH.,,,
GLOBAL,*,,,,,,,,,,Conventions,str,"CF-1.6,IMOS-1.4",,,
GLOBAL,*,,,,,,,,,,data_centre,str,Australian Ocean Data Network (AODN),,,
GLOBAL,*,,,,,,,,,,data_centre_email,str,info@aodn.org.au,,,
GLOBAL,*,,,2018-08-22T13:17:54Z,2019-03-22T21:40:39Z,,,,,,deployment_code,str,SOFS-7.5-2018,,,
GLOBAL,*,,,,,,,,,,disclaimer,str,"Data, products and services from IMOS are provided \"as is\" without any warranty as to fitness for a particular purpose.",,,
GLOBAL,*,,,,,,,,,,featureType,str,timeSeries,,,
GLOBAL,*,,,,,,,,,,file_version,str,Level 0 - Raw data,,,
GLOBAL,*,,,,,,,,,,file_version_quality_control,str,"Raw data is defined as unprocessed data and data products that have not undergone quality control. The data may be in engineering physical units, time and location details can be in relative units and values can be pre-calibration measurements.",,,
GLOBAL,*,,,2018-08-22T13:17:54Z,2019-03-22T21:40:39Z,,,,,,geospatial_lat_max,float64,-47.02274,,,
GLOBAL,*,,,2018-08-22T13:17:54Z,2019-03-22T21:40:39Z,,,,,,geospatial_lat_min,float64,-47.02274,,,
GLOBAL,*,,,2018-08-22T13:17:54Z,2019-03-22T21:40:39Z,,,,,,geospatial_lon_max,float64,142.23341,,,
GLOBAL,*,,,2018-08-22T13:17:54Z,2019-03-22T21:40:39Z,,,,,,geospatial_lon_min,float64,142.23341,,,
GLOBAL,*,Sea-Bird Electronics SBE37SMP-ODO,15969,2018-08-22T13:17:54Z,2019-03-22T21:40:39Z,,,,,,geospatial_vertical_max,float32,30,,,
GLOBAL,*,Sea-Bird Electronics SBE37SMP-ODO,15969,2018-08-22T13:17:54Z,2019-03-22T21:40:39Z,,,,,,geospatial_vertical_min,float32,30,,,
GLOBAL,*,,,,,,,,,,geospatial_vertical_positive,str,down,,,
GLOBAL,*,,,,,,,,,,institution,str,ABOS-SOTS,,,
GLOBAL,*,,,,,,,,,,institution_references,str,http://www.imos.org.au/aodn.html,,,
GLOBAL,*,Sea-Bird Electronics SBE37SMP-ODO,15969,2018-08-22T13:17:54Z,2019-03-22T21:40:39Z,,,,,,instrument,str,Sea-Bird Electronics SBE37SMP-ODO,,,
GLOBAL,*,Sea-Bird Electronics SBE37SMP-ODO,15969,2018-08-22T13:17:54Z,2019-03-22T21:40:39Z,,,,,,instrument_nominal_depth,float64,30,,,
GLOBAL,*,Sea-Bird Electronics SBE37SMP-ODO,15969,2018-08-22T13:17:54Z,2019-03-22T21:40:39Z,,,,,,instrument_sample_interval,float64,1800,,,
GLOBAL,*,,,2018-08-22T13:17:54Z,2019-03-22T21:40:39Z,,,,,,keywords,str,"SBE37SMP-ODO, TIME, TIMESERIES, LATITUDE, LONGITUDE, NOMINAL_DEPTH, TEMP, CNDC, PRES_REL, PSAL, DOX2, DOX, DOX1, DOXY_TEMP, OXSOL2, DENSITY, flag",,,
GLOBAL,*,,,,,,,,,,keywords_vocabulary,str,IMOS parameter names. See https://github.com/aodn/imos-toolbox/blob/master/IMOS/imosParameters.txt,,,
GLOBAL,*,,,,,,,,,,license,str,http://creativecommons.org/licenses/by/4.0/,,,
GLOBAL,*,,,,,,,,,,naming_authority,str,IMOS,,,
GLOBAL,*,,,,,,,,,,platform_code,str,SOFS,,,
GLOBAL,*,,,,,,,,,,principal_investigator,str,"Trull, Tom : tom.trull@csiro.au, Shulz, Eric : eshulz@bom.gov.au",,,
GLOBAL,*,,,,,,,,,,project,str,Integrated Marine Observing System (IMOS),,,
GLOBAL,*,,,,,,,,,,references,str,http://www.imos.org.au,,,
GLOBAL,*,,,,,,,,,,site_code,str,SOTS,,,
GLOBAL,*,,,2018-08-22T13:17:54Z,2019-03-22T21:40:39Z,,,,,,site_nominal_depth,float64,4624,,,
GLOBAL,*,,,,,,,,,,source,str,Mooring,,,
GLOBAL,*,,,,,,,,,,standard_name_vocabulary,str,NetCDF Climate and Forecast (CF) Metadata Convention Standard Name Table 45,,,
GLOBAL,*,,,2018-08-22T13:17:54Z,2019-03-22T21:40:39Z,,,,,,time_deployment_end,str,2019-03-22T21:40:39Z,,,
GLOBAL,*,,,2018-08-22T13:17:54Z,2019-03-22T21:40:39Z,,,,,,time_deployment_end_origin,str,TimeLastInPos,,,
GLOBAL,*,,,2018-08-22T13:17:54Z,2019-03-22T21:40:39Z,,,,,,time_deployment_start,str,2018-08-22T13:17:54Z,,,
GLOBAL,*,,,2018-08-22T13:17:54Z,2019-03-22T21:40:39Z,,,,,,time_deployment_start_origin,str,TimeFirstInPos,,,
GLOBAL,*,,,2018-08-22T13:17:54Z,2019-03-22T21:40:39Z,,,,,,title,str,SOTS-SOFS,,,
VAR,TIME,Sea-Bird Electronics SBE37SMP-ODO,15969,2018-08-22T13:17:54Z,2019-03-22T21:40:39Z,TIME,"(11459,)","('TIME',)",float64,,,,,,,
VAR_ATT,TIME,Sea-Bird Electronics SBE37SMP-ODO,15969,2018-08-22T13:17:54Z,2019-03-22T21:40:39Z,,,,,,axis,str,T,,,
VAR_ATT,TIME,Sea-Bird Electronics SBE37SMP-ODO,15969,2018-08-22T13:17:54Z,2019-03-22T21:40:39Z,,,,,,calendar,str,gregorian,,,
VAR_ATT,TIME,Sea-Bird Electronics SBE37SMP-ODO,15969,2018-08-22T13:17:54Z,2019-03-22T21:40:39Z,,,,,,long_name,str,time,,,
VAR_ATT,TIME,Sea-Bird Electronics SBE37SMP-ODO,15969,2018-08-22T13:17:54Z,2019-03-22T21:40:39Z,,,,,,standard_name,str,time,,,
VAR_ATT,TIME,Sea-Bird Electronics SBE37SMP-ODO,15969,2018-08-22T13:17:54Z,2019-03-22T21:40:39Z,,,,,,units,str,days since 1950-01-01 00:00:00 UTC,,,
VAR_ATT,TIME,Sea-Bird Electronics SBE37SMP-ODO,15969,2018-08-22T13:17:54Z,2019-03-22T21:40:39Z,,,,,,valid_max,float64,90000,,,
VAR_ATT,TIME,Sea-Bird Electronics SBE37SMP-ODO,15969,2018-08-22T13:17:54Z,2019-03-22T21:40:39Z,,,,,,valid_min,float64,0,,,
VAR,TIMESERIES,Sea-Bird Electronics SBE37SMP-ODO,15969,2018-08-22T13:17:54Z,2019-03-22T21:40:39Z,TIMESERIES,(),(),int32,1,,,,,,
VAR_ATT,TIMESERIES,Sea-Bird Electronics SBE37SMP-ODO,15969,2018-08-22T13:17:54Z,2019-03-22T21:40:39Z,,,,,,cf_role,str,timeseries_id,,,
VAR_ATT,TIMESERIES,Sea-Bird Electronics SBE37SMP-ODO,15969,2018-08-22T13:17:54Z,2019-03-22T21:40:39Z,,,,,,long_name,str,unique_identifier_for_each_timeseries_feature_instance_in_this_file,,,
VAR,LATITUDE,Sea-Bird Electronics SBE37SMP-ODO,15969,2018-08-22T13:17:54Z,2019-03-22T21:40:39Z,LATITUDE,(),(),float64,-47.02274,,,,,,
VAR_ATT,LATITUDE,Sea-Bird Electronics SBE37SMP-ODO,15969,2018-08-22T13:17:54Z,2019-03-22T21:40:39Z,,,,,,axis,str,Y,,,
VAR_ATT,LATITUDE,Sea-Bird Electronics SBE37SMP-ODO,15969,2018-08-22T13:17:54Z,2019-03-22T21:40:39Z,,,,,,long_name,str,latitude,,,
VAR_ATT,LATITUDE,Sea-Bird Electronics SBE37SMP-ODO,15969,2018-08-22T13:17:54Z,2019-03-22T21:40:39Z,,,,,,reference_datum,str,WGS84 geographic coordinate system,,,
VAR_ATT,LATITUDE,Sea-Bird Electronics SBE37SMP-ODO,15969,2018-08-22T13:17:54Z,2019-03-22T21:40:39Z,,,,,,standard_name,str,latitude,,,
VAR_ATT,LATITUDE,Sea-Bird Electronics SBE37SMP-ODO,15969,2018-08-22T13:17:54Z,2019-03-22T21:40:39Z,,,,,,units,str,degrees_north,,,
VAR_ATT,LATITUDE,Sea-Bird Electronics SBE37SMP-ODO,15969,2018-08-22T13:17:54Z,2019-03-22T21:40:39Z,,,,,,valid_max,float64,90,,,
VAR_ATT,LATITUDE,Sea-Bird Electronics SBE37SMP-ODO,15969,2018-08-22T13:17:54Z,2019-03-22T21:40:39Z,,,,,,valid_min,float64,-90,,,
VAR,LONGITUDE,Sea-Bird Electronics SBE37SMP-ODO,15969,2018-08-22T13:17:54Z,2019-03-22T21:40:39Z,LONGITUDE,(),(),float64,142.23341,,,,,,
VAR_ATT,LONGITUDE,Sea-Bird Electronics SBE37SMP-ODO,15969,2018-08-22T13:17:54Z,2019-03-22T21:40:39Z,,,,,,axis,str,X,,,
VAR_ATT,LONGITUDE,Sea-Bird Electronics SBE37SMP-ODO,15969,2018-08-22T13:17:54Z,2019-03-22T21:40:39Z,,,,,,long_name,str,longitude,,,
VAR_ATT,LONGITUDE,Sea-Bird Electronics SBE37SMP-ODO,15969,2018-08-22T13:17:54Z,2019-03-22T21:40:39Z,,,,,,reference_datum,str,WGS84 geographic coordinate system,,,
VAR_ATT,LONGITUDE,Sea-Bird Electronics SBE37SMP-ODO,15969,2018-08-22T13:17:54Z,2019-03-22T21:40:39Z,,,,,,standard_name,str,longitude,,,
VAR_ATT,LONGITUDE,Sea-Bird Electronics SBE37SMP-ODO,15969,2018-08-22T13:17:54Z,2019-03-22T21:40:39Z,,,,,,units,str,degrees_east,,,
VAR_ATT,LONGITUDE,Sea-Bird Electronics SBE37SMP-ODO,15969,2018-08-22T13:17:54Z,2019-03-22T21:40:39Z,,,,,,valid_max,float64,180,,,
VAR_ATT,LONGITUDE,Sea-Bird Electronics SBE37SMP-ODO,15969,2018-08-22T13:17:54Z,2019-03-22T21:40:39Z,,,,,,valid_min,float64,-180,,,
VAR,NOMINAL_DEPTH,Sea-Bird Electronics SBE37SMP-ODO,15969,2018-08-22T13:17:54Z,2019-03-22T21:40:39Z,NOMINAL_DEPTH,(),(),float32,30,,,,,,
VAR_ATT,NOMINAL_DEPTH,Sea-Bird Electronics SBE37SMP-ODO,15969,2018-08-22T13:17:54Z,2019-03-22T21:40:39Z,,,,,,axis,str,Z,,,
VAR_ATT,NOMINAL_DEPTH,Sea-Bird Electronics SBE37SMP-ODO,15969,2018-08-22T13:17:54Z,2019-03-22T21:40:39Z,,,,,,long_name,str,nominal depth,,,
VAR_ATT,NOMINAL_DEPTH,Sea-Bird Electronics SBE37SMP-ODO,15969,2018-08-22T13:17:54Z,2019-03-22T21:40:39Z,,,,,,positive,str,down,,,
VAR_ATT,NOMINAL_DEPTH,Sea-Bird Electronics SBE37SMP-ODO,15969,2018-08-22T13:17:54Z,2019-03-22T21:40:39Z,,,,,,reference_datum,str,sea surface,,,
VAR_ATT,NOMINAL_DEPTH,Sea-Bird Electronics SBE37SMP-ODO,15969,2018-08-22T13:17:54Z,2019-03-22T21:40:39Z,,,,,,standard_name,str,depth,,,
VAR_ATT,NOMINAL_DEPTH,Sea-Bird Electronics SBE37SMP-ODO,15969,2018-08-22T13:17:54Z,2019-03-22T21:40:39Z,,,,,,units,str,m,,,
VAR_ATT,NOMINAL_DEPTH,Sea-Bird Electronics SBE37SMP-ODO,15969,2018-08-22T13:17:54Z,2019-03-22T21:40:39Z,,,,,,valid_max,float32,12000,,,
VAR_ATT,NOMINAL_DEPTH,Sea-Bird Electronics SBE37SMP-ODO,15969,2018-08-22T13:17:54Z,2019-03-22T21:40:39Z,,,,,,valid_min,float32,-5,,,
VAR,TEMP,Sea-Bird Electronics SBE37SMP-ODO,15969,2018-08-22T13:17:54Z,2019-03-22T21:40:39Z,TEMP,"(11459,)","('TIME',)",float32,,,,,,,
VAR_ATT,TEMP,Sea-Bird Electronics SBE37SMP-ODO,15969,2018-08-22T13:17:54Z,2019-03-22T21:40:39Z,,,,,,calibration_A0,float64,-0.000199922,,,
VAR_ATT,TEMP,Sea-Bird Electronics SBE37SMP-ODO,15969,2018-08-22T13:17:54Z,2019-03-22T21:40:39Z,,,,,,calibration_A1,float64,0.000322056,,,
VAR_ATT,TEMP,Sea-Bird Electronics SBE37SMP-ODO,15969,2018-08-22T13:17:54Z,2019-03-22T21:40:39Z,,,,,,calibration_A2,float64,-5.39E-06,,,
VAR_ATT,TEMP,Sea-Bird Electronics SBE37SMP-ODO,15969,2018-08-22T13:17:54Z,2019-03-22T21:40:39Z,,,,,,calibration_A3,float64,2.25E-07,,,
VAR_ATT,TEMP,Sea-Bird Electronics SBE37SMP-ODO,15969,2018-08-22T13:17:54Z,2019-03-22T21:40:39Z,,,,,,calibration_CalibrationDate,str,3-Jul-17,,,
VAR_ATT,TEMP,Sea-Bird Electronics SBE37SMP-ODO,15969,2018-08-22T13:17:54Z,2019-03-22T21:40:39Z,,,,,,calibration_Offset,float64,0,,,
VAR_ATT,TEMP,Sea-Bird Electronics SBE37SMP-ODO,15969,2018-08-22T13:17:54Z,2019-03-22T21:40:39Z,,,,,,calibration_SerialNumber,str,15969,,,
VAR_ATT,TEMP,Sea-Bird Electronics SBE37SMP-ODO,15969,2018-08-22T13:17:54Z,2019-03-22T21:40:39Z,,,,,,calibration_Slope,float64,1,,,
VAR_ATT,TEMP,Sea-Bird Electronics SBE37SMP-ODO,15969,2018-08-22T13:17:54Z,2019-03-22T21:40:39Z,,,,,,coordinates,str,TIME LATITUDE LONGITUDE NOMINAL_DEPTH,,,
VAR_ATT,TEMP,Sea-Bird Electronics SBE37SMP-ODO,15969,2018-08-22T13:17:54Z,2019-03-22T21:40:39Z,,,,,,file_full_name,str,"Temperature [ITS-90, deg C]",,,
VAR_ATT,TEMP,Sea-Bird Electronics SBE37SMP-ODO,15969,2018-08-22T13:17:54Z,2019-03-22T21:40:39Z,,,,,,long_name,str,sea_water_temperature,,,
VAR_ATT,TEMP,Sea-Bird Electronics SBE37SMP-ODO,15969,2018-08-22T13:17:54Z,2019-03-22T21:40:39Z,,,,,,sea_bird_unit,str,"ITS-90, deg C",,,
VAR_ATT,TEMP,Sea-Bird Electronics SBE37SMP-ODO,15969,2018-08-22T13:17:54Z,2019-03-22T21:40:39Z,,,,,,standard_name,str,sea_water_temperature,,,
VAR_ATT,TEMP,Sea-Bird Electronics SBE37SMP-ODO,15969,2018-08-22T13:17:54Z,2019-03-22T21:40:39Z,,,,,,units,str,degrees_Celsius,,,
VAR_ATT,TEMP,Sea-Bird Electronics SBE37SMP-ODO,15969,2018-08-22T13:17:54Z,2019-03-22T21:40:39Z,,,,,,valid_max,float32,40,,,
VAR_ATT,TEMP,Sea-Bird Electronics SBE37SMP-ODO,15969,2018-08-22T13:17:54Z,2019-03-22T21:40:39Z,,,,,,valid_min,float32,-2.5,,,
VAR,CNDC,Sea-Bird Electronics SBE37SMP-ODO,15969,2018-08-22T13:17:54Z,2019-03-22T21:40:39Z,CNDC,"(11459,)","('TIME',)",float32,,,,,,,
VAR_ATT,CNDC,Sea-Bird Electronics SBE37SMP-ODO,15969,2018-08-22T13:17:54Z,2019-03-22T21:40:39Z,,,,,,calibration_CalibrationDate,str,3-Jul-17,,,
VAR_ATT,CNDC,Sea-Bird Electronics SBE37SMP-ODO,15969,2018-08-22T13:17:54Z,2019-03-22T21:40:39Z,,,,,,calibration_CPcor,float64,-9.57E-08,,,
VAR_ATT,CNDC,Sea-Bird Electronics SBE37SMP-ODO,15969,2018-08-22T13:17:54Z,2019-03-22T21:40:39Z,,,,,,calibration_CTcor,float64,3.25E-06,,,
VAR_ATT,CNDC,Sea-Bird Electronics SBE37SMP-ODO,15969,2018-08-22T13:17:54Z,2019-03-22T21:40:39Z,,,,,,calibration_G,float64,-1.002145,,,
VAR_ATT,CNDC,Sea-Bird Electronics SBE37SMP-ODO,15969,2018-08-22T13:17:54Z,2019-03-22T21:40:39Z,,,,,,calibration_H,float64,0.1297196,,,
VAR_ATT,CNDC,Sea-Bird Electronics SBE37SMP-ODO,15969,2018-08-22T13:17:54Z,2019-03-22T21:40:39Z,,,,,,calibration_I,float64,-8.93E-05,,,
VAR_ATT,CNDC,Sea-Bird Electronics SBE37SMP-ODO,15969,2018-08-22T13:17:54Z,2019-03-22T21:40:39Z,,,,,,calibration_J,float64,2.32E-05,,,
VAR_ATT,CNDC,Sea-Bird Electronics SBE37SMP-ODO,15969,2018-08-22T13:17:54Z,2019-03-22T21:40:39Z,,,,,,calibration_SerialNumber,str,15969,,,
VAR_ATT,CNDC,Sea-Bird Electronics SBE37SMP-ODO,15969,2018-08-22T13:17:54Z,2019-03-22T21:40:39Z,,,,,,calibration_WBOTC,float64,-3.00E-08,,,
VAR_ATT,CNDC,Sea-Bird Electronics SBE37SMP-ODO,15969,2018-08-22T13:17:54Z,2019-03-22T21:40:39Z,,,,,,coordinates,str,TIME LATITUDE LONGITUDE NOMINAL_DEPTH,,,
VAR_ATT,CNDC,Sea-Bird Electronics SBE37SMP-ODO,15969,2018-08-22T13:17:54Z,2019-03-22T21:40:39Z,,,,,,file_full_name,str,Conductivity [S/m],,,
VAR_ATT,CNDC,Sea-Bird Electronics SBE37SMP-ODO,15969,2018-08-22T13:17:54Z,2019-03-22T21:40:39Z,,,,,,long_name,str,sea_water_electrical_conductivity,,,
VAR_ATT,CNDC,Sea-Bird Electronics SBE37SMP-ODO,15969,2018-08-22T13:17:54Z,2019-03-22T21:40:39Z,,,,,,sea_bird_unit,str,S/m,,,
VAR_ATT,CNDC,Sea-Bird Electronics SBE37SMP-ODO,15969,2018-08-22T13:17:54Z,2019-03-22T21:40:39Z,,,,,,standard_name,str,sea_water_electrical_conductivity,,,
VAR_ATT,CNDC,Sea-Bird Electronics SBE37SMP-ODO,15969,2018-08-22T13:17:54Z,2019-03-22T21:40:39Z,,,,,,units,str,S m-1,,,
VAR_ATT,CNDC,Sea-Bird Electronics SBE37SMP-ODO,15969,2018-08-22T13:17:54Z,2019-03-22T21:40:39Z,,,,,,valid_max,float32,50000,,,
VAR_ATT,CNDC,Sea-Bird Electronics SBE37SMP-ODO,15969,2018-08-22T13:17:54Z,2019-03-22T21:40:39Z,,,,,,valid_min,float32,0,,,
VAR,PRES_REL,Sea-Bird Electronics SBE37SMP-ODO,15969,2018-08-22T13:17:54Z,2019-03-22T21:40:39Z,PRES_REL,"(11459,)","('TIME',)",float32,,,,,,,
VAR_ATT,PRES_REL,Sea-Bird Electronics SBE37SMP-ODO,15969,2018-08-22T13:17:54Z,2019-03-22T21:40:39Z,,,,,,applied_offset,float32,-10.135297,,,
VAR_ATT,PRES_REL,Sea-Bird Electronics SBE37SMP-ODO,15969,2018-08-22T13:17:54Z,2019-03-22T21:40:39Z,,,,,,calibration_CalibrationDate,str,30-Jun-17,,,
VAR_ATT,PRES_REL,Sea-Bird Electronics SBE37SMP-ODO,15969,2018-08-22T13:17:54Z,2019-03-22T21:40:39Z,,,,,,calibration_Offset,float64,0,,,
VAR_ATT,PRES_REL,Sea-Bird Electronics SBE37SMP-ODO,15969,2018-08-22T13:17:54Z,2019-03-22T21:40:39Z,,,,,,calibration_PA0,float64,-0.2824456,,,
VAR_ATT,PRES_REL,Sea-Bird Electronics SBE37SMP-ODO,15969,2018-08-22T13:17:54Z,2019-03-22T21:40:39Z,,,,,,calibration_PA1,float64,0.01563373,,,
VAR_ATT,PRES_REL,Sea-Bird Electronics SBE37SMP-ODO,15969,2018-08-22T13:17:54Z,2019-03-22T21:40:39Z,,,,,,calibration_PA2,float64,-6.44E-10,,,
VAR_ATT,PRES_REL,Sea-Bird Electronics SBE37SMP-ODO,15969,2018-08-22T13:17:54Z,2019-03-22T21:40:39Z,,,,,,calibration_PTCA0,float64,524400.1,,,
VAR_ATT,PRES_REL,Sea-Bird Electronics SBE37SMP-ODO,15969,2018-08-22T13:17:54Z,2019-03-22T21:40:39Z,,,,,,calibration_PTCA1,float64,-0.06048303,,,
VAR_ATT,PRES_REL,Sea-Bird Electronics SBE37SMP-ODO,15969,2018-08-22T13:17:54Z,2019-03-22T21:40:39Z,,,,,,calibration_PTCA2,float64,-0.03370389,,,
VAR_ATT,PRES_REL,Sea-Bird Electronics SBE37SMP-ODO,15969,2018-08-22T13:17:54Z,2019-03-22T21:40:39Z,,,,,,calibration_PTCB0,float64,25.13712,,,
VAR_ATT,PRES_REL,Sea-Bird Electronics SBE37SMP-ODO,15969,2018-08-22T13:17:54Z,2019-03-22T21:40:39Z,,,,,,calibration_PTCB1,float64,-0.000775,,,
VAR_ATT,PRES_REL,Sea-Bird Electronics SBE37SMP-ODO,15969,2018-08-22T13:17:54Z,2019-03-22T21:40:39Z,,,,,,calibration_PTCB2,float64,0,,,
VAR_ATT,PRES_REL,Sea-Bird Electronics SBE37SMP-ODO,15969,2018-08-22T13:17:54Z,2019-03-22T21:40:39Z,,,,,,calibration_PTEMPA0,float64,-71.20279,,,
VAR_ATT,PRES_REL,Sea-Bird Electronics SBE37SMP-ODO,15969,2018-08-22T13:17:54Z,2019-03-22T21:40:39Z,,,,,,calibration_PTEMPA1,float64,0.05076797,,,
VAR_ATT,PRES_REL,Sea-Bird Electronics SBE37SMP-ODO,15969,2018-08-22T13:17:54Z,2019-03-22T21:40:39Z,,,,,,calibration_PTEMPA2,float64,-3.26E-07,,,
VAR_ATT,PRES_REL,Sea-Bird Electronics SBE37SMP-ODO,15969,2018-08-22T13:17:54Z,2019-03-22T21:40:39Z,,,,,,calibration_SerialNumber,str,99335,,,
VAR_ATT,PRES_REL,Sea-Bird Electronics SBE37SMP-ODO,15969,2018-08-22T13:17:54Z,2019-03-22T21:40:39Z,,,,,,coordinates,str,TIME LATITUDE LONGITUDE NOMINAL_DEPTH,,,
VAR_ATT,PRES_REL,Sea-Bird Electronics SBE37SMP-ODO,15969,2018-08-22T13:17:54Z,2019-03-22T21:40:39Z,,,,,,file_full_name,str,"Pressure, Strain Gauge [db]",,,
VAR_ATT,PRES_REL,Sea-Bird Electronics SBE37SMP-ODO,15969,2018-08-22T13:17:54Z,2019-03-22T21:40:39Z,,,,,,long_name,str,sea_water_pressure_due_to_sea_water,,,
VAR_ATT,PRES_REL,Sea-Bird Electronics SBE37SMP-ODO,15969,2018-08-22T13:17:54Z,2019-03-22T21:40:39Z,,,,,,sea_bird_unit,str,db,,,
VAR_ATT,PRES_REL,Sea-Bird Electronics SBE37SMP-ODO,15969,2018-08-22T13:17:54Z,2019-03-22T21:40:39Z,,,,,,standard_name,str,sea_water_pressure_due_to_sea_water,,,
VAR_ATT,PRES_REL,Sea-Bird Electronics SBE37SMP-ODO,15969,2018-08-22T13:17:54Z,2019-03-22T21:40:39Z,,,,,,units,str,dbar,,,
VAR_ATT,PRES_REL,Sea-Bird Electronics SBE37SMP-ODO,15969,2018-08-22T13:17:54Z,2019-03-22T21:40:39Z,,,,,,valid_max,float32,12000,,,
VAR_ATT,PRES_REL,Sea-Bird Electronics SBE37SMP-ODO,15969,2018-08-22T13:17:54Z,2019-03-22T21:40:39Z,,,,,,valid_min,float32,-15,,,
VAR,PSAL,Sea-Bird Electronics SBE37SMP-ODO,15969,2018-08-22T13:17:54Z,2019-03-22T21:40:39Z,PSAL,"(11459,)","('TIME',)",float32,,,,,,,
VAR_ATT,PSAL,Sea-Bird Electronics SBE37SMP-ODO,15969,2018-08-22T13:17:54Z,2019-03-22T21:40:39Z,,,,,,coordinates,str,TIME LATITUDE LONGITUDE NOMINAL_DEPTH,,,
VAR_ATT,PSAL,Sea-Bird Electronics SBE37SMP-ODO,15969,2018-08-22T13:17:54Z,2019-03-22T21:40:39Z,,,,,,file_full_name,str,"Salinity, Practical [PSU]",,,
VAR_ATT,PSAL,Sea-Bird Electronics SBE37SMP-ODO,15969,2018-08-22T13:17:54Z,2019-03-22T21:40:39Z,,,,,,long_name,str,sea_water_practical_salinity,,,
VAR_ATT,PSAL,Sea-Bird Electronics SBE37SMP-ODO,15969,2018-08-22T13:17:54Z,2019-03-22T21:40:39Z,,,,,,sea_bird_unit,str,PSU,,,
VAR_ATT,PSAL,Sea-Bird Electronics SBE37SMP-ODO,15969,2018-08-22T13:17:54Z,2019-03-22T21:40:39Z,,,,,,standard_name,str,sea_water_practical_salinity,,,
VAR_ATT,PSAL,Sea-Bird Electronics SBE37SMP-ODO,15969,2018-08-22T13:17:54Z,2019-03-22T21:40:39Z,,,,,,units,str,1,,,
VAR_ATT,PSAL,Sea-Bird Electronics SBE37SMP-ODO,15969,2018-08-22T13:17:54Z,2019-03-22T21:40:39Z,,,,,,valid_max,float32,41,,,
VAR_ATT,PSAL,Sea-Bird Electronics SBE37SMP-ODO,15969,2018-08-22T13:17:54Z,2019-03-22T21:40:39Z,,,,,,valid_min,float32,2,,,
VAR,DOX2,Sea-Bird Electronics SBE37SMP-ODO,15969,2018-08-22T13:17:54Z,2019-03-22T21:40:39Z,DOX2,"(11459,)","('TIME',)",float32,,,,,,,
VAR_ATT,DOX2,Sea-Bird Electronics SBE37SMP-ODO,15969,2018-08-22T13:17:54Z,2019-03-22T21:40:39Z,,,,,,calibration_A0,float64,1.0513,,,
VAR_ATT,DOX2,Sea-Bird Electronics SBE37SMP-ODO,15969,2018-08-22T13:17:54Z,2019-03-22T21:40:39Z,,,,,,calibration_A1,float64,-0.0015,,,
VAR_ATT,DOX2,Sea-Bird Electronics SBE37SMP-ODO,15969,2018-08-22T13:17:54Z,2019-03-22T21:40:39Z,,,,,,calibration_A2,float64,0.3771491,,,
VAR_ATT,DOX2,Sea-Bird Electronics SBE37SMP-ODO,15969,2018-08-22T13:17:54Z,2019-03-22T21:40:39Z,,,,,,calibration_B0,float64,-0.242863,,,
VAR_ATT,DOX2,Sea-Bird Electronics SBE37SMP-ODO,15969,2018-08-22T13:17:54Z,2019-03-22T21:40:39Z,,,,,,calibration_B1,float64,1.603683,,,
VAR_ATT,DOX2,Sea-Bird Electronics SBE37SMP-ODO,15969,2018-08-22T13:17:54Z,2019-03-22T21:40:39Z,,,,,,calibration_C0,float64,0.1047241,,,
VAR_ATT,DOX2,Sea-Bird Electronics SBE37SMP-ODO,15969,2018-08-22T13:17:54Z,2019-03-22T21:40:39Z,,,,,,calibration_C1,float64,0.004474235,,,
VAR_ATT,DOX2,Sea-Bird Electronics SBE37SMP-ODO,15969,2018-08-22T13:17:54Z,2019-03-22T21:40:39Z,,,,,,calibration_C2,float64,6.15E-05,,,
VAR_ATT,DOX2,Sea-Bird Electronics SBE37SMP-ODO,15969,2018-08-22T13:17:54Z,2019-03-22T21:40:39Z,,,,,,calibration_CalibrationDate,str,17-Jun-17,,,
VAR_ATT,DOX2,Sea-Bird Electronics SBE37SMP-ODO,15969,2018-08-22T13:17:54Z,2019-03-22T21:40:39Z,,,,,,calibration_Offset,float64,0,,,
VAR_ATT,DOX2,Sea-Bird Electronics SBE37SMP-ODO,15969,2018-08-22T13:17:54Z,2019-03-22T21:40:39Z,,,,,,calibration_pcor,float64,0.011,,,
VAR_ATT,DOX2,Sea-Bird Electronics SBE37SMP-ODO,15969,2018-08-22T13:17:54Z,2019-03-22T21:40:39Z,,,,,,calibration_SerialNumber,str,1526,,,
VAR_ATT,DOX2,Sea-Bird Electronics SBE37SMP-ODO,15969,2018-08-22T13:17:54Z,2019-03-22T21:40:39Z,,,,,,calibration_Slope,float64,1,,,
VAR_ATT,DOX2,Sea-Bird Electronics SBE37SMP-ODO,15969,2018-08-22T13:17:54Z,2019-03-22T21:40:39Z,,,,,,calibration_TA0,float64,0.000709811,,,
VAR_ATT,DOX2,Sea-Bird Electronics SBE37SMP-ODO,15969,2018-08-22T13:17:54Z,2019-03-22T21:40:39Z,,,,,,calibration_TA1,float64,0.000250833,,,
VAR_ATT,DOX2,Sea-Bird Electronics SBE37SMP-ODO,15969,2018-08-22T13:17:54Z,2019-03-22T21:40:39Z,,,,,,calibration_TA2,float64,6.27E-07,,,
VAR_ATT,DOX2,Sea-Bird Electronics SBE37SMP-ODO,15969,2018-08-22T13:17:54Z,2019-03-22T21:40:39Z,,,,,,calibration_TA3,float64,9.96E-08,,,
VAR_ATT,DOX2,Sea-Bird Electronics SBE37SMP-ODO,15969,2018-08-22T13:17:54Z,2019-03-22T21:40:39Z,,,,,,coordinates,str,TIME LATITUDE LONGITUDE NOMINAL_DEPTH,,,
VAR_ATT,DOX2,Sea-Bird Electronics SBE37SMP-ODO,15969,2018-08-22T13:17:54Z,2019-03-22T21:40:39Z,,,,,,file_full_name,str,"Oxygen, SBE 63 [umol/kg]",,,
VAR_ATT,DOX2,Sea-Bird Electronics SBE37SMP-ODO,15969,2018-08-22T13:17:54Z,2019-03-22T21:40:39Z,,,,,,long_name,str,moles_of_oxygen_per_unit_mass_in_sea_water,,,
VAR_ATT,DOX2,Sea-Bird Electronics SBE37SMP-ODO,15969,2018-08-22T13:17:54Z,2019-03-22T21:40:39Z,,,,,,sea_bird_unit,str,umol/kg,,,
VAR_ATT,DOX2,Sea-Bird Electronics SBE37SMP-ODO,15969,2018-08-22T13:17:54Z,2019-03-22T21:40:39Z,,,,,,standard_name,str,moles_of_oxygen_per_unit_mass_in_sea_water,,,
VAR_ATT,DOX2,Sea-Bird Electronics SBE37SMP-ODO,15969,2018-08-22T13:17:54Z,2019-03-22T21:40:39Z,,,,,,units,str,umol kg-1,,,
VAR_ATT,DOX2,Sea-Bird Electronics SBE37SMP-ODO,15969,2018-08-22T13:17:54Z,2019-03-22T21:40:39Z,,,,,,valid_max,float32,1000,,,
VAR_ATT,DOX2,Sea-Bird Electronics SBE37SMP-ODO,15969,2018-08-22T13:17:54Z,2019-03-22T21:40:39Z,,,,,,valid_min,float32,0,,,
VAR,DOXY_TEMP,Sea-Bird Electronics SBE37SMP-ODO,15969,2018-08-22T13:17:54Z,2019-03-22T21:40:39Z,DOXY_TEMP,"(11459,)","('TIME',)",float32,,,,,,,
VAR_ATT,DOXY_TEMP,Sea-Bird Electronics SBE37SMP-ODO,15969,2018-08-22T13:17:54Z,2019-03-22T21:40:39Z,,,,,,coordinates,str,TIME LATITUDE LONGITUDE NOMINAL_DEPTH,,,
VAR_ATT,DOXY_TEMP,Sea-Bird Electronics SBE37SMP-ODO,15969,2018-08-22T13:17:54Z,2019-03-22T21:40:39Z,,,,,,file_full_name,str,"Oxygen Temperature, SBE 63 [ITS-90, deg C]",,,
VAR_ATT,DOXY_TEMP,Sea-Bird Electronics SBE37SMP-ODO,15969,2018-08-22T13:17:54Z,2019-03-22T21:40:39Z,,,,,,long_name,str,temperature_of_sensor_for_oxygen_in_sea_water,,,
VAR_ATT,DOXY_TEMP,Sea-Bird Electronics SBE37SMP-ODO,15969,2018-08-22T13:17:54Z,2019-03-22T21:40:39Z,,,,,,sea_bird_unit,str,"ITS-90, deg C",,,
VAR_ATT,DOXY_TEMP,Sea-Bird Electronics SBE37SMP-ODO,15969,2018-08-22T13:17:54Z,2019-03-22T21:40:39Z,,,,,,standard_name,str,temperature_of_sensor_for_oxygen_in_sea_water,,,
VAR_ATT,DOXY_TEMP,Sea-Bird Electronics SBE37SMP-ODO,15969,2018-08-22T13:17:54Z,2019-03-22T21:40:39Z,,,,,,units,str,degrees_Celsius,,,
VAR_ATT,DOXY_TEMP,Sea-Bird Electronics SBE37SMP-ODO,15969,2018-08-22T13:17:54Z,2019-03-22T21:40:39Z,,,,,,valid_max,float32,50,,,
VAR_ATT,DOXY_TEMP,Sea-Bird Electronics SBE37SMP-ODO,15969,2018-08-22T13:17:54Z,2019-03-22T21:40:39Z,,,,,,valid_min,float32,0,,,
VAR,OXSOL2,Sea-Bird Electronics SBE37SMP-ODO,15969,2018-08-22T13:17:54Z,2019-03-22T21:40:39Z,OXSOL2,"(11459,)","('TIME',)",float32,,,,,,,
VAR_ATT,OXSOL2,Sea-Bird Electronics SBE37SMP-ODO,15969,2018-08-22T13:17:54Z,2019-03-22T21:40:39Z,,,,,,coordinates,str,TIME LATITUDE LONGITUDE NOMINAL_DEPTH,,,
VAR_ATT,OXSOL2,Sea-Bird Electronics SBE37SMP-ODO,15969,2018-08-22T13:17:54Z,2019-03-22T21:40:39Z,,,,,,file_full_name,str,"Oxygen Saturation, Garcia & Gordon [umol/kg]",,,
VAR_ATT,OXSOL2,Sea-Bird Electronics SBE37SMP-ODO,15969,2018-08-22T13:17:54Z,2019-03-22T21:40:39Z,,,,,,long_name,str,oxygen_saturation_Garcia_Gordon,,,
VAR_ATT,OXSOL2,Sea-Bird Electronics SBE37SMP-ODO,15969,2018-08-22T13:17:54Z,2019-03-22T21:40:39Z,,,,,,sea_bird_unit,str,umol/kg,,,
VAR_ATT,OXSOL2,Sea-Bird Electronics SBE37SMP-ODO,15969,2018-08-22T13:17:54Z,2019-03-22T21:40:39Z,,,,,,units,str,umol kg-1,,,
VAR_ATT,OXSOL2,Sea-Bird Electronics SBE37SMP-ODO,15969,2018-08-22T13:17:54Z,2019-03-22T21:40:39Z,,,,,,valid_max,float32,880000,,,
VAR_ATT,OXSOL2,Sea-Bird Electronics SBE37SMP-ODO,15969,2018-08-22T13:17:54Z,2019-03-22T21:40:39Z,,,,,,valid_min,float32,0,,,
